seller_id,name,email,phone_number,created_at
1,Jagapati Nasyiah,jagapatinasyiah@gmail.com,+62-153-676-9545,2021-01-18 18:23:35
2,Dipa Yulianti,dipayulianti@yahoo.com,0861249360,2022-09-29 19:31:59
3,Jamalia Suryono,jamaliasuryono@hotmail.com,+62-061-837-9666,2021-09-21 15:07:36
4,Raditya Laksita,radityalaksita@hotmail.com,+62 (079) 560-7534,2021-06-10 16:11:54
5,Cakrabuana Haryanti,cakrabuanaharyanti@gmail.com,(0261) 806 2498,2020-04-25 06:36:56
6,Hendra Suryono,hendrasuryono@yahoo.com,(029) 216-4903,2020-07-19 19:23:30
7,Mumpuni Sinaga,mumpunisinaga@yahoo.com,(060) 202-8550,2023-03-06 22:16:35
8,Kadir Uyainah,kadiruyainah@hotmail.com,+62 (098) 279-6615,2020-08-29 19:16:00
9,Rahmi Yuliarti,rahmiyuliarti@gmail.com,+62 (85) 918-2013,2020-04-07 17:48:57
10,Hana Gunarto,hanagunarto@hotmail.com,+62-63-719-5038,2022-09-23 22:26:13
11,Waluyo Yuliarti,waluyoyuliarti@gmail.com,(095) 073 6866,2022-11-11 02:29:23
12,Ilyas Wibisono,ilyaswibisono@yahoo.com,+62-0578-118-0879,2021-02-19 13:17:50
13,Zelaya Novitasari,zelayanovitasari@hotmail.com,+62 (52) 608 6554,2020-09-08 20:33:42
14,Jefri Firmansyah,jefrifirmansyah@yahoo.com,086 112 2801,2023-01-12 11:16:37
15,Jane Gunawan,janegunawan@yahoo.com,+62 (053) 987 2350,2021-12-16 11:21:59
16,Jatmiko Sirait,jatmikosirait@hotmail.com,+62-029-070-5400,2021-12-05 04:15:08
17,Tiara Waskita,tiarawaskita@gmail.com,+62 (0032) 044 5570,2021-03-22 19:59:41
18,Gandewa Hastuti,gandewahastuti@gmail.com,085 318 8276,2021-03-10 09:21:11
19,Anita Laksita,anitalaksita@hotmail.com,+62 (62) 318-3135,2021-03-13 20:08:09
20,Yessi Prastuti,yessiprastuti@gmail.com,+62 (22) 300 1520,2022-03-08 06:59:13
21,Harjasa Kurniawan,harjasakurniawan@hotmail.com,(0306) 907 6333,2023-02-14 21:00:44
22,Sakura Firmansyah,sakurafirmansyah@yahoo.com,+62 (291) 476 3868,2020-04-23 19:10:09
23,Asirwanda Megantara,asirwandamegantara@yahoo.com,+62 (47) 938-9578,2020-10-10 14:45:27
24,Karya Riyanti,karyariyanti@gmail.com,+62 (31) 100 8360,2020-01-29 16:29:11
25,Sarah Damanik,sarahdamanik@yahoo.com,+62-0348-223-2246,2022-04-11 12:38:21
26,Naradi Waluyo,naradiwaluyo@hotmail.com,+62 (000) 150 7427,2020-07-04 18:54:04
27,Uli Marbun,ulimarbun@gmail.com,(054) 934 6064,2022-12-01 11:43:26
28,Hana Prayoga,hanaprayoga@gmail.com,+62 (02) 845 2694,2022-12-12 07:47:20
29,Najam Sihotang,najamsihotang@gmail.com,+62 (07) 643 0669,2020-05-08 19:36:09
30,Maryadi Latupono,maryadilatupono@yahoo.com,(039) 590 0824,2021-07-02 19:20:00
31,Pardi Pranowo,pardipranowo@yahoo.com,+62 (0319) 768 6770,2020-03-25 04:01:37
32,Vera Rajasa,verarajasa@hotmail.com,(034) 065-6456,2022-01-05 20:05:29
33,Paris Sitompul,parissitompul@gmail.com,+62 (016) 014-1203,2021-07-10 08:44:54
34,Candrakanta Sihotang,candrakantasihotang@yahoo.com,+62 (79) 580-9674,2023-02-03 10:52:25
35,Ajiono Prasetyo,ajionoprasetyo@yahoo.com,+62-0191-530-8715,2022-07-16 05:30:17
36,Taufik Narpati,taufiknarpati@yahoo.com,+62-919-514-8355,2020-03-31 17:42:09
37,Salwa Mayasari,salwamayasari@yahoo.com,+62 (589) 079 5990,2021-09-19 18:02:01
38,Xanana Yulianti,xananayulianti@hotmail.com,+62 (052) 446 5172,2020-12-11 00:06:52
39,Galak Pratiwi,galakpratiwi@hotmail.com,+62 (017) 139 1599,2021-05-04 05:55:16
40,Ghaliyati Firmansyah,ghaliyatifirmansyah@hotmail.com,+62 (032) 255 8411,2020-12-30 22:52:48
41,Mahdi Pradana,mahdipradana@yahoo.com,+62 (048) 139-2346,2021-01-05 02:31:41
42,Joko Mahendra,jokomahendra@yahoo.com,+62-992-086-3152,2020-05-13 20:16:54
43,Darmanto Wacana,darmantowacana@yahoo.com,+62-0335-896-5860,2021-11-06 20:46:28
44,Wawan Widiastuti,wawanwidiastuti@hotmail.com,0892623302,2023-04-03 03:39:17
45,Hasta Mulyani,hastamulyani@yahoo.com,+62 (376) 366 0940,2021-01-25 18:05:11
46,Balijan Siregar,balijansiregar@hotmail.com,+62 (025) 410 1760,2022-10-02 07:38:04
47,Hamima Dongoran,hamimadongoran@gmail.com,+62-078-925-2390,2021-11-12 02:14:21
48,Respati Lazuardi,respatilazuardi@gmail.com,+62-0722-578-4265,2021-03-06 08:50:35
49,Rendy Pratiwi,rendypratiwi@hotmail.com,(017) 884-8822,2020-05-30 20:59:32
50,Puti Rahimah,putirahimah@yahoo.com,+62 (0610) 083-4092,2021-08-23 01:25:40
51,Ghani Suryono,ghanisuryono@gmail.com,+62-031-132-0932,2022-06-08 20:07:19
52,Irsad Utama,irsadutama@gmail.com,+62 (43) 385 8140,2021-06-17 06:35:05
53,Amalia Sitompul,amaliasitompul@hotmail.com,+62 (48) 219 5367,2020-06-01 14:43:25
54,Umay Budiyanto,umaybudiyanto@hotmail.com,+62-0106-937-9297,2022-09-25 04:56:37
55,Irnanto Adriansyah,irnantoadriansyah@gmail.com,+62 (0918) 360 3587,2022-03-18 00:15:16
56,Rangga Suryono,ranggasuryono@yahoo.com,(060) 120 9419,2021-10-23 07:02:27
57,Mariadi Mansur,mariadimansur@yahoo.com,(049) 094 9582,2021-07-09 01:26:00
58,Bakijan Prayoga,bakijanprayoga@hotmail.com,+62-071-138-5402,2023-04-13 05:05:34
59,Tirtayasa Kurniawan,tirtayasakurniawan@gmail.com,(0119) 521-9078,2021-12-10 06:07:57
60,Hilda Rahayu,hildarahayu@yahoo.com,+62 (0355) 770 8439,2021-07-22 19:40:51
61,Himawan Mustofa,himawanmustofa@gmail.com,+62 (038) 910-8701,2020-05-17 16:58:59
62,Rendy Prasetya,rendyprasetya@yahoo.com,+62 (82) 266 3917,2020-10-30 05:33:17
63,Bagas Haryanti,bagasharyanti@hotmail.com,+62-13-994-5903,2020-12-14 21:42:30
64,Estiawan Usada,estiawanusada@gmail.com,+62-577-347-1001,2020-03-14 15:46:50
65,Ghani Hariyah,ghanihariyah@gmail.com,+62 (029) 373 5042,2022-08-14 20:13:40
66,Edward Mangunsong,edwardmangunsong@hotmail.com,+62 (647) 567-0219,2021-05-21 07:35:02
67,Jagaraga Suwarno,jagaragasuwarno@yahoo.com,+62-942-932-1540,2021-05-13 15:36:07
68,Mahmud Wijayanti,mahmudwijayanti@hotmail.com,(0918) 381 2104,2020-09-17 01:22:24
69,Langgeng Rajata,langgengrajata@gmail.com,(000) 226-5012,2021-11-20 13:36:20
70,Wardi Permata,wardipermata@gmail.com,+62 (013) 130-4817,2023-03-29 20:57:17
71,Adikara Wastuti,adikarawastuti@yahoo.com,(0596) 343 7938,2020-05-02 11:03:15
72,Farhunnisa Situmorang,farhunnisasitumorang@yahoo.com,+62 (298) 783 7637,2022-06-18 17:51:49
73,Dariati Purwanti,dariatipurwanti@hotmail.com,+62 (0616) 789-3231,2021-05-09 20:28:29
74,Dacin Situmorang,dacinsitumorang@hotmail.com,0827132678,2021-12-29 07:07:49
75,Dodo Wahyudin,dodowahyudin@yahoo.com,0896829497,2023-02-05 07:50:33
76,Oman Prasetyo,omanprasetyo@gmail.com,+62 (0159) 034-1342,2022-06-20 22:22:19
77,Padma Zulkarnain,padmazulkarnain@gmail.com,+62-68-628-2317,2020-09-19 14:07:39
78,Daru Kuswandari,darukuswandari@gmail.com,(0488) 183-7159,2021-08-31 05:32:39
79,Harsaya Maulana,harsayamaulana@yahoo.com,+62 (0300) 750-3129,2020-01-05 19:05:31
80,Ibun Megantara,ibunmegantara@hotmail.com,0858880600,2020-12-10 02:16:03
81,Murti Prastuti,murtiprastuti@hotmail.com,0825267998,2021-05-19 05:42:34
82,Kunthara Yolanda,kuntharayolanda@yahoo.com,+62-15-676-9395,2020-10-26 02:25:46
83,Cornelia Nugroho,cornelianugroho@gmail.com,+62 (097) 077-2484,2022-12-06 14:24:37
84,Ganep Budiyanto,ganepbudiyanto@hotmail.com,+62 (042) 736-3511,2023-02-07 11:11:32
85,Luthfi Narpati,luthfinarpati@yahoo.com,+62 (070) 540 9381,2020-12-31 05:52:08
86,Dacin Januar,dacinjanuar@hotmail.com,+62-227-903-7553,2022-01-02 21:29:36
87,Radika Riyanti,radikariyanti@yahoo.com,(071) 578-6108,2022-06-02 18:57:51
88,Kartika Prasasta,kartikaprasasta@hotmail.com,+62 (48) 139-6652,2020-04-07 17:38:26
89,Balangga Purwanti,balanggapurwanti@gmail.com,+62 (082) 177-2243,2021-11-26 11:46:06
90,Ade Hidayat,adehidayat@hotmail.com,085 710 9675,2021-05-06 01:37:40
91,Liman Napitupulu,limannapitupulu@gmail.com,+62-072-383-5832,2022-03-30 23:22:03
92,Wage Firgantoro,wagefirgantoro@hotmail.com,+62 (034) 286 0598,2020-03-30 00:58:45
93,Jinawi Pertiwi,jinawipertiwi@gmail.com,+62 (015) 381 6976,2020-05-29 09:14:05
94,Luwar Lestari,luwarlestari@hotmail.com,(073) 618 1401,2023-01-12 08:28:11
95,Artawan Hassanah,artawanhassanah@yahoo.com,+62-91-087-3444,2021-11-09 12:54:49
96,Okto Suartini,oktosuartini@gmail.com,+62-43-697-7296,2021-05-24 20:13:34
97,Suci Aryani,suciaryani@gmail.com,+62 (076) 028-1087,2021-10-20 08:23:00
98,Bahuraksa Susanti,bahuraksasusanti@hotmail.com,(0760) 405-1054,2020-04-23 18:58:26
99,Tugiman Wacana,tugimanwacana@hotmail.com,+62-317-459-8414,2021-12-29 16:41:52
100,Kamal Waskita,kamalwaskita@hotmail.com,+62-82-788-3707,2020-01-24 03:38:34
101,Niyaga Waskita,niyagawaskita@hotmail.com,+62 (0680) 182 2235,2021-04-12 15:05:25
102,Keisha Salahudin,keishasalahudin@hotmail.com,+62 (52) 600-1623,2021-05-21 15:20:26
103,Atmaja Saptono,atmajasaptono@gmail.com,+62 (0303) 511-1717,2020-04-15 02:50:14
104,Adinata Sirait,adinatasirait@gmail.com,+62 (751) 206 6146,2022-10-04 04:20:56
105,Jaeman Widiastuti,jaemanwidiastuti@yahoo.com,+62 (201) 235-8021,2020-11-26 12:00:13
106,Fitria Yolanda,fitriayolanda@hotmail.com,+62 (0727) 076 1105,2022-10-27 06:52:19
107,Pranawa Pranowo,pranawapranowo@hotmail.com,+62 (16) 190-7453,2020-02-06 07:10:57
108,Widya Nasyiah,widyanasyiah@gmail.com,(0175) 725-9994,2021-01-07 08:04:29
109,Bakidin Prakasa,bakidinprakasa@gmail.com,0818275065,2020-07-04 17:09:49
110,Najam Samosir,najamsamosir@gmail.com,+62-0174-240-7745,2022-10-01 17:17:08
111,Cakrabuana Saragih,cakrabuanasaragih@gmail.com,(062) 647-7278,2020-03-26 20:18:22
112,Jessica Thamrin,jessicathamrin@hotmail.com,0833831647,2023-03-01 20:25:32
113,Ajeng Widodo,ajengwidodo@gmail.com,+62 (73) 715-5574,2022-01-03 18:51:17
114,Mila Novitasari,milanovitasari@yahoo.com,+62-54-553-9101,2021-09-22 04:48:57
115,Daliman Kurniawan,dalimankurniawan@yahoo.com,+62-0645-411-9605,2022-01-29 23:21:19
116,Nrima Hariyah,nrimahariyah@hotmail.com,+62 (00) 557 0422,2021-12-22 10:26:18
117,Raden Hidayat,radenhidayat@yahoo.com,+62-986-195-9612,2022-04-21 20:41:45
118,Oman Wijayanti,omanwijayanti@yahoo.com,(059) 974 1604,2022-10-11 23:45:56
119,Rafid Damanik,rafiddamanik@hotmail.com,+62 (0694) 590 4760,2022-05-27 02:37:57
120,Jais Saptono,jaissaptono@hotmail.com,+62 (81) 673-2578,2023-02-24 10:40:00
121,Caturangga Haryanti,caturanggaharyanti@hotmail.com,(0238) 774-4173,2020-01-14 08:46:50
122,Aurora Laksmiwati,auroralaksmiwati@yahoo.com,(0879) 671 6045,2022-05-06 08:12:36
123,Cager Napitupulu,cagernapitupulu@hotmail.com,+62 (010) 545-8518,2021-11-01 13:07:21
124,Karsana Melani,karsanamelani@hotmail.com,+62 (036) 563 0325,2020-10-16 14:34:56
125,Ajiman Winarno,ajimanwinarno@gmail.com,+62-56-938-6571,2020-11-08 22:40:37
126,Omar Maryati,omarmaryati@gmail.com,0856327260,2020-01-29 18:19:05
127,Puput Hartati,puputhartati@hotmail.com,+62-004-002-1633,2022-03-10 03:53:36
128,Ulva Rajasa,ulvarajasa@gmail.com,081 215 6868,2020-06-13 15:44:09
129,Lalita Saputra,lalitasaputra@yahoo.com,+62 (031) 242-5759,2022-02-11 12:26:08
130,Perkasa Hutapea,perkasahutapea@hotmail.com,(006) 381 9328,2020-12-12 09:45:06
131,Darijan Manullang,darijanmanullang@gmail.com,(007) 409-5189,2021-11-25 17:45:12
132,Gandewa Mulyani,gandewamulyani@gmail.com,086 335 6614,2022-03-10 12:45:55
133,Intan Suartini,intansuartini@yahoo.com,(0931) 439 5187,2023-02-20 01:55:18
134,Jarwadi Kurniawan,jarwadikurniawan@gmail.com,+62 (0372) 969-5307,2021-04-03 12:16:30
135,Kairav Yulianti,kairavyulianti@hotmail.com,+62 (003) 614-4470,2020-10-22 08:38:56
136,Ida Adriansyah,idaadriansyah@yahoo.com,(0226) 601-4632,2022-01-28 10:22:03
137,Fitriani Firmansyah,fitrianifirmansyah@yahoo.com,+62 (133) 490-8617,2022-06-18 04:29:01
138,Gada Suwarno,gadasuwarno@yahoo.com,+62 (0912) 583 2686,2020-04-07 08:24:51
139,Banara Megantara,banaramegantara@hotmail.com,+62 (070) 677 3276,2021-10-27 20:43:24
140,Maya Prasetyo,mayaprasetyo@hotmail.com,+62-0105-037-4120,2021-11-06 09:11:46
141,Halima Hidayat,halimahidayat@hotmail.com,+62 (075) 748-6907,2020-10-24 12:54:55
142,Danu Laksmiwati,danulaksmiwati@hotmail.com,+62 (064) 072 3162,2022-11-07 09:38:13
143,Zamira Hidayanto,zamirahidayanto@hotmail.com,+62 (0301) 431-8092,2023-03-01 09:07:05
144,Rina Prastuti,rinaprastuti@gmail.com,+62 (058) 206-3871,2021-10-28 17:47:53
145,Nasab Anggraini,nasabanggraini@gmail.com,+62-008-737-4646,2020-10-20 03:10:47
146,Drajat Riyanti,drajatriyanti@yahoo.com,+62 (040) 471 3212,2021-11-11 07:06:25
147,Luhung Budiman,luhungbudiman@gmail.com,+62 (0570) 803-6659,2022-12-25 09:53:57
148,Caket Ramadan,caketramadan@hotmail.com,0870115466,2021-01-23 07:54:05
149,Nabila Anggraini,nabilaanggraini@yahoo.com,+62-961-809-0956,2021-04-13 09:15:23
150,Vicky Mangunsong,vickymangunsong@yahoo.com,(002) 540 8482,2022-03-22 02:41:14
151,Restu Agustina,restuagustina@hotmail.com,088 081 8487,2023-04-05 01:31:10
152,Darimin Dabukke,darimindabukke@hotmail.com,+62 (660) 023 6008,2022-07-23 03:16:55
153,Kalim Mandala,kalimmandala@gmail.com,+62-094-946-7993,2020-03-13 07:06:36
154,Saka Handayani,sakahandayani@yahoo.com,+62-39-959-2428,2020-11-01 04:21:29
155,Darimin Tampubolon,darimintampubolon@gmail.com,0846094422,2023-03-24 21:45:45
156,Karsa Halim,karsahalim@gmail.com,+62-0550-692-2948,2020-08-24 02:08:28
157,Darimin Wahyudin,dariminwahyudin@hotmail.com,+62 (0473) 172 6703,2021-02-14 19:15:59
158,Jasmani Rajata,jasmanirajata@yahoo.com,+62 (181) 140-0631,2020-11-14 01:54:49
159,Prasetya Simanjuntak,prasetyasimanjuntak@gmail.com,+62 (33) 724 8222,2020-02-05 15:28:11
160,Kunthara Wijaya,kuntharawijaya@yahoo.com,+62-000-111-7105,2020-05-21 23:53:31
161,Almira Marpaung,almiramarpaung@hotmail.com,+62-522-599-3570,2023-01-19 13:48:38
162,Elon Megantara,elonmegantara@yahoo.com,+62 (34) 962-1600,2022-12-02 01:24:13
163,Lili Hariyah,lilihariyah@gmail.com,086 104 0231,2022-07-02 09:40:15
164,Ira Pertiwi,irapertiwi@yahoo.com,088 845 2626,2022-12-28 21:03:43
165,Umay Kuswandari,umaykuswandari@gmail.com,(0555) 904-4495,2022-01-04 11:50:05
166,Dasa Simbolon,dasasimbolon@yahoo.com,+62 (028) 586-1173,2022-08-19 07:33:03
167,Lembah Adriansyah,lembahadriansyah@gmail.com,+62-089-529-4613,2021-07-04 17:51:35
168,Cahyanto Hidayat,cahyantohidayat@hotmail.com,+62 (198) 564-6971,2022-04-02 17:11:37
169,Caraka Mandala,carakamandala@hotmail.com,(0933) 055-6280,2021-09-09 01:01:57
170,Eko Permata,ekopermata@yahoo.com,+62-492-026-5250,2020-07-19 14:39:53
171,Belinda Samosir,belindasamosir@hotmail.com,+62 (90) 824 2103,2022-02-02 03:22:18
172,Luwes Nashiruddin,luwesnashiruddin@yahoo.com,+62 (64) 636 1865,2020-01-26 13:20:26
173,Oni Nainggolan,oninainggolan@gmail.com,+62-0829-946-5321,2022-05-25 20:17:04
174,Banawi Maheswara,banawimaheswara@yahoo.com,+62 (05) 053 7161,2022-06-24 10:17:40
175,Natalia Prasasta,nataliaprasasta@hotmail.com,+62 (387) 745 1646,2021-01-26 17:03:58
176,Bakiadi Laksmiwati,bakiadilaksmiwati@yahoo.com,+62 (55) 790 7203,2020-07-14 02:17:55
177,Jatmiko Anggriawan,jatmikoanggriawan@yahoo.com,+62 (353) 036 5653,2021-06-07 05:41:41
178,Yani Mansur,yanimansur@hotmail.com,+62 (0848) 462 6820,2021-03-21 17:59:00
179,Arsipatra Ardianto,arsipatraardianto@yahoo.com,(038) 072 4241,2022-12-10 13:32:49
180,Harjaya Latupono,harjayalatupono@gmail.com,0894099849,2020-11-08 18:31:08
181,Cakrabirawa Haryanti,cakrabirawaharyanti@gmail.com,+62-079-846-9600,2021-07-06 22:02:39
182,Bakijan Laksmiwati,bakijanlaksmiwati@yahoo.com,(0899) 595 8663,2022-10-31 01:49:53
183,Yunita Saefullah,yunitasaefullah@yahoo.com,+62 (049) 963-5502,2022-01-02 09:51:53
184,Febi Saefullah,febisaefullah@yahoo.com,+62 (063) 602 2766,2021-01-08 01:26:44
185,Jati Kusmawati,jatikusmawati@gmail.com,+62 (0789) 659-5147,2021-12-29 12:00:00
186,Panji Siregar,panjisiregar@yahoo.com,+62-702-072-2863,2020-09-26 13:02:47
187,Darman Wijaya,darmanwijaya@yahoo.com,(069) 319 9635,2021-10-08 15:17:21
188,Ivan Hastuti,ivanhastuti@yahoo.com,+62 (740) 851 4358,2020-07-18 20:41:03
189,Humaira Suryatmi,humairasuryatmi@gmail.com,+62 (995) 815-7341,2023-02-05 18:21:10
190,Halima Rajasa,halimarajasa@hotmail.com,+62-061-398-4888,2022-05-22 21:25:30
191,Vinsen Hardiansyah,vinsenhardiansyah@yahoo.com,0876990764,2020-08-14 22:02:58
192,Cakrawala Yuniar,cakrawalayuniar@gmail.com,(067) 005-3548,2023-02-01 11:53:02
193,Kardi Saputra,kardisaputra@gmail.com,080 807 3739,2021-07-30 20:35:08
194,Samsul Maryadi,samsulmaryadi@gmail.com,+62-0320-773-6287,2022-02-23 07:43:09
195,Nrima Halimah,nrimahalimah@hotmail.com,+62 (84) 465 1366,2021-06-15 06:21:25
196,Elisa Winarsih,elisawinarsih@hotmail.com,+62-067-776-4726,2022-03-10 23:11:01
197,Lukman Prabowo,lukmanprabowo@hotmail.com,+62 (63) 102 7053,2022-08-01 14:38:50
198,Agnes Pradipta,agnespradipta@gmail.com,+62 (925) 343-4657,2022-07-05 05:35:53
199,Setya Purnawati,setyapurnawati@hotmail.com,(054) 970 4824,2021-06-19 22:55:37
200,Lembah Nababan,lembahnababan@gmail.com,+62 (612) 002-0037,2021-04-25 03:14:53
