seller_id,name,email,phone_number,created_at
1,Juli Damanik,julidamanik@hotmail.com,+62 (324) 924-5224,2023-02-21 13:02:02
2,Darimin Uyainah,dariminuyainah@yahoo.com,+62 (351) 347 4995,2022-09-07 14:34:34
3,Gambira Uwais,gambirauwais@hotmail.com,+62 (203) 606-9922,2022-12-26 21:58:11
4,Amalia Kusmawati,amaliakusmawati@yahoo.com,+62 (085) 519-8578,2022-03-08 17:02:55
5,Rahman Pratama,rahmanpratama@hotmail.com,(0883) 327-8560,2023-02-12 09:47:18
6,Dodo Mahendra,dodomahendra@gmail.com,0876795943,2022-06-11 10:53:29
7,Daryani Kurniawan,daryanikurniawan@hotmail.com,0891292263,2023-01-09 09:59:17
8,Harimurti Hartati,harimurtihartati@hotmail.com,+62 (0249) 391-3044,2022-03-31 17:22:01
9,Baktiadi Mayasari,baktiadimayasari@gmail.com,+62 (016) 692-2593,2022-07-21 17:11:10
10,Langgeng Prayoga,langgengprayoga@hotmail.com,+62-071-596-4768,2022-02-04 09:59:39
11,Balamantri Adriansyah,balamantriadriansyah@yahoo.com,+62 (697) 194-4054,2022-08-17 23:14:39
12,Edward Puspasari,edwardpuspasari@hotmail.com,0823403779,2022-07-14 05:51:23
13,Arta Adriansyah,artaadriansyah@yahoo.com,+62-0243-857-1404,2022-01-19 07:37:35
14,Balamantri Wibowo,balamantriwibowo@hotmail.com,+62 (665) 466-1426,2022-11-10 04:46:45
15,Kania Halim,kaniahalim@yahoo.com,+62-278-208-6474,2022-01-08 07:49:11
16,Rahmat Nurdiyanti,rahmatnurdiyanti@gmail.com,+62 (0244) 112-6710,2022-10-16 21:22:55
17,Tugiman Sihotang,tugimansihotang@hotmail.com,+62-0063-164-9620,2022-11-27 18:46:38
18,Mila Melani,milamelani@yahoo.com,+62-048-375-7539,2022-10-17 13:37:04
19,Usyi Tampubolon,usyitampubolon@hotmail.com,+62-0593-590-2173,2023-01-17 04:14:55
20,Amalia Aryani,amaliaaryani@yahoo.com,+62 (65) 660-4931,2022-07-08 14:43:10
21,Zelaya Pratiwi,zelayapratiwi@hotmail.com,+62 (880) 733-3002,2022-12-26 04:32:41
22,Hasta Ramadan,hastaramadan@gmail.com,+62 (622) 729-9534,2022-08-27 08:06:22
23,Edi Hutasoit,edihutasoit@yahoo.com,084 203 7624,2022-07-07 11:54:15
24,Najib Farida,najibfarida@yahoo.com,+62 (53) 965-0282,2022-09-28 03:26:15
25,Ajiman Prasetyo,ajimanprasetyo@yahoo.com,0850536858,2022-05-25 08:54:25
26,Wani Astuti,waniastuti@gmail.com,(051) 266-5478,2022-12-14 16:31:28
27,Eja Najmudin,ejanajmudin@hotmail.com,0838323310,2022-06-23 10:34:57
28,Ivan Pratama,ivanpratama@gmail.com,+62-09-416-8547,2022-11-02 16:03:04
29,Opung Prasetya,opungprasetya@yahoo.com,+62 (00) 502 1163,2023-04-10 23:35:36
30,Taswir Laksmiwati,taswirlaksmiwati@gmail.com,+62-00-984-9188,2022-11-06 04:29:22
31,Ihsan Mandala,ihsanmandala@gmail.com,+62 (000) 574-3995,2022-06-23 16:53:05
32,Ikin Kusumo,ikinkusumo@gmail.com,(035) 777-7081,2022-04-16 05:15:27
33,Tasdik Putra,tasdikputra@yahoo.com,(064) 876 0730,2022-08-23 11:25:36
34,Puspa Iswahyudi,puspaiswahyudi@hotmail.com,(063) 577 2064,2022-09-05 16:10:31
35,Putu Wijaya,putuwijaya@yahoo.com,+62-047-785-9095,2023-02-06 02:19:57
36,Emas Waskita,emaswaskita@yahoo.com,0831661409,2023-01-08 18:27:22
37,Kani Wibisono,kaniwibisono@gmail.com,080 223 5180,2023-02-13 21:55:48
38,Ana Astuti,anaastuti@gmail.com,+62-089-579-1316,2022-10-22 20:16:03
39,Murti Puspita,murtipuspita@gmail.com,+62 (602) 909 2669,2022-11-20 08:44:24
40,Maryadi Kuswandari,maryadikuswandari@yahoo.com,+62-062-421-3627,2022-08-23 17:47:31
41,Wulan Lestari,wulanlestari@yahoo.com,(0536) 522 1889,2022-01-30 01:34:17
42,Cinthia Safitri,cinthiasafitri@gmail.com,(0455) 410-3038,2022-06-24 02:15:12
43,Asmianto Megantara,asmiantomegantara@gmail.com,+62 (691) 779 6427,2023-03-18 09:14:56
44,Dian Rahayu,dianrahayu@gmail.com,0872126597,2022-07-15 04:51:37
45,Kasim Fujiati,kasimfujiati@hotmail.com,+62 (29) 244 0351,2022-11-13 15:03:21
46,Ghaliyati Hakim,ghaliyatihakim@hotmail.com,+62 (0308) 032-6813,2022-05-24 03:56:28
47,Tasnim Sinaga,tasnimsinaga@yahoo.com,(0418) 181 5513,2022-02-13 00:35:48
48,Tiara Saragih,tiarasaragih@hotmail.com,+62 (26) 763-2190,2023-02-12 22:40:52
49,Nalar Budiyanto,nalarbudiyanto@hotmail.com,+62-0212-192-6768,2022-03-12 22:01:53
50,Daniswara Namaga,daniswaranamaga@hotmail.com,(078) 306-4139,2022-02-24 14:43:41
51,Bagas Siregar,bagassiregar@gmail.com,(048) 625 4101,2022-10-13 19:52:26
52,Estiono Handayani,estionohandayani@yahoo.com,0881666393,2022-09-08 22:37:08
53,Vera Irawan,verairawan@gmail.com,+62 (673) 123-7665,2022-09-16 03:03:04
54,Ibrani Siregar,ibranisiregar@gmail.com,+62 (043) 150 2609,2022-09-03 01:37:09
55,Febi Kurniawan,febikurniawan@yahoo.com,+62 (069) 808-6410,2022-09-26 21:04:29
56,Rahayu Gunawan,rahayugunawan@gmail.com,(0299) 056 7870,2023-04-08 00:22:47
57,Jayeng Waluyo,jayengwaluyo@yahoo.com,+62 (067) 506 8194,2022-04-11 15:32:48
58,Eka Nashiruddin,ekanashiruddin@gmail.com,+62 (81) 423 7479,2022-08-13 04:29:01
59,Karna Sihombing,karnasihombing@gmail.com,(073) 546-2606,2023-02-20 20:32:57
60,Tasdik Nugroho,tasdiknugroho@hotmail.com,+62 (025) 720 2237,2023-03-22 09:08:45
61,Margana Mandala,marganamandala@hotmail.com,0816102794,2022-01-21 00:08:21
62,Mursita Lailasari,mursitalailasari@gmail.com,(095) 843-7383,2022-05-28 23:09:02
63,Emin Permata,eminpermata@yahoo.com,+62-012-593-6450,2023-03-13 15:35:40
64,Harjo Nababan,harjonababan@gmail.com,(082) 660-6571,2023-03-21 05:02:55
65,Melinda Yulianti,melindayulianti@yahoo.com,+62 (31) 209-2669,2022-05-31 01:11:43
66,Prayitna Iswahyudi,prayitnaiswahyudi@gmail.com,+62 (008) 963-5415,2023-03-17 03:11:36
67,Balapati Suryatmi,balapatisuryatmi@hotmail.com,+62-10-804-7740,2022-12-30 05:41:39
68,Dadi Rahimah,dadirahimah@gmail.com,(065) 525 8730,2022-05-15 17:47:42
69,Pranawa Pertiwi,pranawapertiwi@hotmail.com,+62-031-271-8991,2023-01-22 06:18:25
70,Luthfi Prasetyo,luthfiprasetyo@gmail.com,+62 (748) 219 0130,2023-03-15 15:37:22
71,Titi Riyanti,titiriyanti@gmail.com,089 341 5445,2023-03-07 17:10:11
72,Raditya Natsir,radityanatsir@gmail.com,+62-070-920-2263,2022-02-26 16:17:08
73,Cahyo Pradana,cahyopradana@gmail.com,(060) 560-7282,2023-02-20 23:30:06
74,Ismail Permadi,ismailpermadi@gmail.com,086 572 4871,2022-11-21 00:24:30
75,Mala Kusmawati,malakusmawati@hotmail.com,+62 (0164) 444-8924,2023-01-21 14:16:11
76,Kadir Oktaviani,kadiroktaviani@hotmail.com,+62-036-389-5234,2023-02-04 21:16:22
77,Puji Suryono,pujisuryono@yahoo.com,(0947) 840-5252,2022-01-20 09:03:43
78,Cahyo Prasetya,cahyoprasetya@gmail.com,+62 (893) 097 8326,2022-04-03 07:06:44
79,Kusuma Prasetya,kusumaprasetya@hotmail.com,(070) 957-0424,2022-07-25 14:38:34
80,Eman Pradipta,emanpradipta@gmail.com,+62 (222) 933 5077,2022-12-25 02:46:23
81,Vivi Susanti,vivisusanti@yahoo.com,+62 (0100) 298-3300,2022-08-28 22:03:00
82,Okta Hardiansyah,oktahardiansyah@hotmail.com,088 944 6681,2022-10-05 01:33:13
83,Febi Wulandari,febiwulandari@gmail.com,+62-0305-504-5201,2022-12-29 08:30:56
84,Karen Pratama,karenpratama@gmail.com,+62-051-645-4581,2022-02-21 21:44:27
85,Najib Wahyudin,najibwahyudin@hotmail.com,+62 (006) 924-2717,2022-01-19 14:17:28
86,Jindra Andriani,jindraandriani@yahoo.com,+62 (094) 853 2150,2022-06-17 17:01:16
87,Kala Zulkarnain,kalazulkarnain@hotmail.com,+62 (64) 058-7836,2022-07-04 13:18:08
88,Ani Hasanah,anihasanah@hotmail.com,(0464) 225-9935,2022-07-17 00:25:47
89,Danu Mandala,danumandala@yahoo.com,+62-042-057-6844,2022-04-11 11:30:27
90,Rangga Habibi,ranggahabibi@hotmail.com,+62 (61) 405-0257,2022-06-23 15:37:42
91,Gandi Adriansyah,gandiadriansyah@hotmail.com,+62-081-068-1959,2023-04-06 06:21:51
92,Daliman Hastuti,dalimanhastuti@gmail.com,+62 (23) 913-9373,2022-02-25 14:55:36
93,Kenari Hastuti,kenarihastuti@gmail.com,+62 (0039) 329 2274,2023-03-16 00:27:18
94,Eka Budiyanto,ekabudiyanto@gmail.com,+62-088-613-5215,2022-04-09 23:22:54
95,Hadi Budiman,hadibudiman@yahoo.com,+62 (0976) 892-9928,2022-04-12 01:37:06
96,Lintang Wibowo,lintangwibowo@yahoo.com,+62 (721) 448-2876,2022-11-05 05:09:59
97,Empluk Dabukke,emplukdabukke@yahoo.com,(0182) 399-5499,2022-11-17 05:21:24
98,Irma Halimah,irmahalimah@yahoo.com,+62-0119-692-9630,2022-01-19 01:14:54
99,Darmaji Megantara,darmajimegantara@gmail.com,+62-0990-488-5146,2023-03-14 13:39:39
100,Kamal Safitri,kamalsafitri@gmail.com,+62-13-081-5297,2023-04-14 07:29:11
101,Rafi Prabowo,rafiprabowo@yahoo.com,+62 (63) 405-3210,2022-06-26 04:32:05
102,Empluk Anggriawan,emplukanggriawan@yahoo.com,(090) 379 1453,2022-04-28 21:53:48
103,Ade Hakim,adehakim@gmail.com,+62-049-697-1082,2022-08-18 00:51:16
104,Oskar Wahyuni,oskarwahyuni@yahoo.com,+62 (27) 508 2204,2022-07-22 03:05:48
105,Harimurti Rahimah,harimurtirahimah@hotmail.com,(0252) 382 5416,2022-10-25 16:58:51
106,Clara Jailani,clarajailani@yahoo.com,+62 (075) 765-7306,2022-07-21 11:22:20
107,Agus Mustofa,agusmustofa@hotmail.com,+62 (0223) 755 6190,2022-10-10 23:28:35
108,Yusuf Marbun,yusufmarbun@gmail.com,+62 (949) 021-4634,2022-07-04 02:23:35
109,Kani Wacana,kaniwacana@gmail.com,+62 (033) 469 7979,2022-12-21 17:02:26
110,Damu Setiawan,damusetiawan@yahoo.com,082 744 3489,2022-08-05 12:24:11
111,Ghaliyati Usamah,ghaliyatiusamah@hotmail.com,+62 (668) 497 0447,2022-03-12 00:21:36
112,Vanya Nasyiah,vanyanasyiah@gmail.com,+62-052-666-2519,2023-03-30 06:47:38
113,Jaga Mansur,jagamansur@hotmail.com,+62 (079) 753-9355,2022-01-25 21:27:29
114,Diah Yuniar,diahyuniar@hotmail.com,+62-82-683-2722,2023-01-19 05:03:43
115,Lintang Widiastuti,lintangwidiastuti@yahoo.com,+62 (0498) 735-7730,2022-04-18 09:04:10
116,Mursinin Wacana,mursininwacana@hotmail.com,+62 (58) 562 0846,2022-05-31 00:36:48
117,Nilam Habibi,nilamhabibi@hotmail.com,+62-060-411-7888,2023-03-24 15:37:39
118,Parman Nuraini,parmannuraini@yahoo.com,+62 (0474) 747 0891,2022-11-18 23:56:24
119,Najwa Rahmawati,najwarahmawati@hotmail.com,(034) 245-6460,2023-04-14 08:36:14
120,Najwa Tampubolon,najwatampubolon@yahoo.com,(0716) 629 8543,2022-11-02 13:54:17
121,Dodo Wahyuni,dodowahyuni@gmail.com,+62 (059) 700-5751,2022-09-02 17:49:50
122,Tiara Mansur,tiaramansur@yahoo.com,+62-043-585-3584,2022-08-08 07:07:36
123,Kamila Puspita,kamilapuspita@gmail.com,(023) 960-1389,2023-03-19 07:21:30
124,Harjasa Wastuti,harjasawastuti@yahoo.com,+62 (0523) 455-7264,2022-01-07 12:59:20
125,Elvina Winarsih,elvinawinarsih@hotmail.com,088 141 6124,2022-07-01 00:46:47
126,Raihan Nurdiyanti,raihannurdiyanti@gmail.com,+62 (689) 630 0375,2023-03-01 07:50:16
127,Oskar Adriansyah,oskaradriansyah@hotmail.com,+62 (083) 074 0333,2022-10-05 01:02:42
128,Yessi Hassanah,yessihassanah@gmail.com,+62 (36) 037-9864,2023-02-05 10:52:06
129,Mursinin Adriansyah,mursininadriansyah@hotmail.com,(0800) 999-4329,2022-05-15 15:46:57
130,Makara Wijaya,makarawijaya@yahoo.com,081 492 3965,2022-02-24 14:22:26
131,Gabriella Salahudin,gabriellasalahudin@gmail.com,+62 (069) 223-6674,2023-03-09 11:49:52
132,Tirta Wasita,tirtawasita@yahoo.com,+62 (24) 258-3490,2022-11-04 17:22:22
133,Langgeng Santoso,langgengsantoso@yahoo.com,+62 (937) 821-5714,2022-10-27 07:54:03
134,Novi Pradipta,novipradipta@hotmail.com,+62-27-452-8476,2022-11-06 16:02:08
135,Caturangga Ardianto,caturanggaardianto@gmail.com,+62 (044) 379 0861,2023-03-23 10:39:23
136,Ade Salahudin,adesalahudin@yahoo.com,+62 (36) 611 8536,2023-01-16 10:40:01
137,Cahyo Anggraini,cahyoanggraini@gmail.com,+62 (33) 314 0238,2023-04-13 16:05:17
138,Jinawi Budiyanto,jinawibudiyanto@gmail.com,+62 (222) 726-4034,2022-05-28 01:59:43
139,Cecep Mahendra,cecepmahendra@gmail.com,(018) 969 7368,2022-08-13 07:45:15
140,Yessi Tarihoran,yessitarihoran@yahoo.com,+62 (0287) 387 3131,2022-01-01 09:38:38
141,Irwan Sirait,irwansirait@gmail.com,+62-0469-450-8450,2022-04-29 14:07:46
142,Safina Prastuti,safinaprastuti@yahoo.com,(0329) 751 1311,2022-11-29 01:20:32
143,Aswani Saputra,aswanisaputra@yahoo.com,+62 (133) 119 9173,2022-06-25 03:13:14
144,Puput Hutasoit,puputhutasoit@yahoo.com,+62 (0088) 126-8551,2022-06-05 11:19:58
145,Jamil Sinaga,jamilsinaga@gmail.com,0817651932,2022-09-25 05:05:42
146,Oliva Simbolon,olivasimbolon@yahoo.com,+62-068-892-7039,2022-08-10 20:59:46
147,Among Lestari,amonglestari@gmail.com,+62 (0574) 905 9244,2022-12-23 23:43:42
148,Jaya Suartini,jayasuartini@yahoo.com,+62 (598) 976-8337,2022-04-29 07:39:13
149,Leo Utami,leoutami@yahoo.com,+62 (75) 214 3267,2023-03-20 23:08:56
150,Emil Sudiati,emilsudiati@yahoo.com,(006) 898-1893,2022-11-07 15:30:03
151,Mujur Pertiwi,mujurpertiwi@hotmail.com,+62 (103) 910 3487,2022-11-02 11:44:14
152,Olivia Permadi,oliviapermadi@gmail.com,083 901 8100,2023-02-09 06:12:24
153,Koko Pradana,kokopradana@gmail.com,+62 (224) 373-7481,2022-08-07 07:42:01
154,Tasnim Laksmiwati,tasnimlaksmiwati@gmail.com,(062) 447 3234,2022-11-15 15:37:24
155,Tari Pratiwi,taripratiwi@yahoo.com,+62 (077) 879-4387,2022-12-14 21:00:25
156,Zelaya Wastuti,zelayawastuti@gmail.com,+62-091-835-6468,2022-11-28 13:03:04
157,Bakti Mandasari,baktimandasari@yahoo.com,+62 (0397) 135-8250,2022-09-09 18:27:20
158,Suci Melani,sucimelani@gmail.com,(060) 535-3015,2022-08-28 18:34:30
159,Ega Rajasa,egarajasa@gmail.com,+62 (10) 694-9214,2022-09-08 13:00:47
160,Hesti Wijayanti,hestiwijayanti@gmail.com,+62-095-156-7463,2022-02-20 13:27:51
161,Zizi Pranowo,zizipranowo@hotmail.com,+62 (706) 533-2800,2022-06-20 03:08:14
162,Darmanto Mustofa,darmantomustofa@gmail.com,083 898 9042,2023-03-24 21:22:05
163,Carub Astuti,carubastuti@hotmail.com,(0063) 962-6954,2022-12-16 22:19:11
164,Jaeman Winarsih,jaemanwinarsih@hotmail.com,+62-790-284-2197,2022-12-07 04:31:24
165,Tasdik Riyanti,tasdikriyanti@gmail.com,0879776290,2022-10-04 02:20:30
166,Hana Palastri,hanapalastri@hotmail.com,0843674459,2022-10-28 03:55:57
167,Hasan Narpati,hasannarpati@gmail.com,+62-008-363-9678,2022-05-06 03:32:58
168,Sari Namaga,sarinamaga@hotmail.com,084 750 0651,2022-11-28 23:59:38
169,Hairyanto Hardiansyah,hairyantohardiansyah@gmail.com,0857898430,2022-10-27 03:58:59
170,Mahdi Firmansyah,mahdifirmansyah@hotmail.com,(0357) 709-3888,2022-05-15 02:46:49
171,Daliono Waluyo,dalionowaluyo@hotmail.com,(0173) 511-1520,2022-02-28 09:33:45
172,Emil Rahimah,emilrahimah@yahoo.com,+62-729-853-1975,2022-10-12 00:41:01
173,Cagak Yuniar,cagakyuniar@hotmail.com,+62 (582) 278-1418,2022-05-23 03:59:13
174,Estiono Rajata,estionorajata@gmail.com,+62 (0440) 382-5706,2023-04-14 10:54:26
175,Praba Wasita,prabawasita@yahoo.com,0806222776,2022-10-01 02:54:44
176,Vanya Pradipta,vanyapradipta@gmail.com,0812063573,2022-08-23 10:06:59
177,Ajimin Novitasari,ajiminnovitasari@yahoo.com,+62 (0327) 747 6966,2022-10-30 16:56:13
178,Panca Yuliarti,pancayuliarti@hotmail.com,(0176) 800-8512,2022-10-10 14:42:46
179,Vivi Astuti,viviastuti@hotmail.com,+62 (0647) 576 6866,2022-10-22 02:24:17
180,Nyana Wijaya,nyanawijaya@hotmail.com,082 960 9049,2023-01-02 05:48:32
181,Kamaria Waskita,kamariawaskita@gmail.com,+62 (37) 260 0152,2022-05-20 18:12:46
182,Rosman Tampubolon,rosmantampubolon@hotmail.com,+62-063-505-4818,2022-11-24 09:54:18
183,Hafshah Tamba,hafshahtamba@gmail.com,+62 (136) 833-3359,2022-01-10 03:15:00
184,Tari Tampubolon,taritampubolon@yahoo.com,+62-62-851-3305,2023-03-23 21:35:18
185,Ade Hidayat,adehidayat@gmail.com,+62-0794-563-2649,2023-04-01 06:41:06
186,Dariati Sitorus,dariatisitorus@yahoo.com,+62 (059) 856-9198,2022-07-09 09:01:47
187,Lasmono Nurdiyanti,lasmononurdiyanti@gmail.com,+62 (591) 495 3726,2023-02-18 10:09:45
188,Aurora Waskita,aurorawaskita@yahoo.com,+62 (91) 777-3762,2022-04-07 06:12:21
189,Ihsan Megantara,ihsanmegantara@yahoo.com,+62 (0189) 752 4126,2023-02-19 01:14:48
190,Jefri Tarihoran,jefritarihoran@yahoo.com,+62-029-339-1950,2022-10-27 10:32:44
191,Kasim Situmorang,kasimsitumorang@gmail.com,+62 (02) 445-0267,2022-02-07 15:08:16
192,Mila Hasanah,milahasanah@yahoo.com,0841576314,2022-11-06 16:09:30
193,Vega Anggriawan,vegaanggriawan@gmail.com,+62 (096) 884 4968,2022-09-06 01:27:43
194,Alika Puspita,alikapuspita@gmail.com,0805435419,2022-01-04 12:58:05
195,Indah Hassanah,indahhassanah@hotmail.com,(064) 118 6050,2023-02-03 02:24:49
196,Jaeman Waluyo,jaemanwaluyo@hotmail.com,0888667583,2022-03-12 21:02:31
197,Syahrini Prastuti,syahriniprastuti@gmail.com,+62-004-477-1066,2022-12-10 15:22:23
198,Respati Dabukke,respatidabukke@hotmail.com,+62-30-611-3878,2022-08-09 22:30:24
199,Vera Wibisono,verawibisono@hotmail.com,+62-909-335-3428,2022-12-16 11:45:52
200,Zizi Nainggolan,zizinainggolan@yahoo.com,+62 (0082) 870-4675,2022-08-13 07:04:25
